,Tweeted Date,Tweet Description
0,2021-04-29,ğŸ–¤ğŸ˜‰ https://t.co/syp6WOzKBU
1,2021-04-22,"RT @jamiestaffsays: ğŸ‘­ì œì´ë¯¸, ì°¬ë¯¸ë‚˜ê°€ ì°¸ì—¬í•œ Saweetie â€“ Best Friend (feat. Doja Cat, JAMIE, CHANMINA)ê°€ ë°œë§¤ë˜ì—ˆìŠµë‹ˆë‹¤!ğŸ‘­

ğŸ”¥Out NowğŸ”¥
ğŸµhttps://t.co/5gxm4q3ohhâ€¦"
2,2021-04-19,"RT @jamiestaffsays: ğŸ‘­Saweetie â€“ Best Friend (feat. Doja Cat, JAMIE, CHANMINA)ğŸ‘­

ğŸ”¥ ì œì´ë¯¸ê°€ ì°¸ì—¬í•œ Saweetie â€“ Best Friend (feat. Doja Cat, JAMIE, Câ€¦"
3,2021-04-15,ğŸ”¥ https://t.co/tennSQwtqX
4,2021-04-01,"RT @jamiestaffsays: ğŸ‘­Saweetie - Best Friend (feat. Doja Cat, Jamie, CHANMINA)ğŸ‘­

ğŸ”¥New release date coming soonğŸ”¥

*ìŒì› ë°œë§¤ ì¼ì •ì´ ë³€ê²½ë˜ì–´ ìì„¸í•œ ë°œë§¤ì¼ì€ ì¶”í›„â€¦"
5,2021-03-25,Yes..... I knowğŸ¤¯ğŸ¥²ğŸ”¥ https://t.co/Z2nb80Z9wa
6,2021-03-17,"ë‚œ ì˜ì§€ë‚´ê³  ìˆì–´ìš”! :) ì ì´ ì•„ì£¼ ë§ì•„ì¡Œë‹¤ëŠ”ê±°! ì˜ì˜¨ë‹¤ëŠ”ê±°! ì˜ ì•ˆë“£ë˜ ë…¸ë˜ë„ ìš”ì¦˜ ë§ì´ ë“£ê³ , ì˜ˆì „ì— ë´¤ë˜ ì˜í™”ë„ ë‹¤ì‹œ ë³´ë©´ì„œ ì˜ ì§€ë‚´êµ¬ ìˆì–´ìš” , ê±´ê°•í•´ì•¼í•´ ë‹¤ë“¤! ì‚¬ë£½í•´ğŸ–¤ğŸ–¤ https://t.co/2tl5FcejUq"
7,2021-03-06,@Jae_Day6 ^^
8,2021-03-03,Hehehe
9,2021-03-03,@thedivestudios Hey dive lets go on a date
10,2021-03-03,â™¡Â´ï½¥á´—ï½¥`â™¡
11,2021-02-25,"RT @jamiestaffsays: Joker (Feat. JAMIE) - BIG Naughty (ì„œë™í˜„) - ë“¤ì–´ë³´ì„¸ìš”.

https://t.co/2t9ySx1gwI

by Melon https://t.co/GYyF6s2p22"
12,2021-02-16,ë§¤ì£¼ í™”ìš”ì¼ í‚¤ìŠ¤! íŒìŠ¤! https://t.co/QntlrjGgUJ
13,2021-02-16,ì™œì €ë˜.. https://t.co/9JvtYUyjBS
14,2021-02-08,HeiiiğŸ‘‹ğŸ» https://t.co/sJ8jxnIBg9
15,2021-02-06,@jamiestaffsays Ur late ^_^
16,2021-02-02,RT @dntrunouttaS2: ì´ë§ˆíƒíƒë•Œë¦¬ëŠ”ê±°ã…‹ã…‹ã…‹ã…‹ã…‹ì˜¤ëŠ˜ë„ ì œì´ë¯¸ì˜ ì›ƒì°¸ìœ¼ë¡œ ëë‚œ ASMR https://t.co/KCu0StqMqL
17,2021-02-02,ì´ë§ˆ ì•„í”„ë„¤...
18,2021-01-29,ğŸ–¤ https://t.co/IVeQtLrBoq
19,2021-01-27,RT @fifteenandxv: @jiminpark07 https://t.co/5CW0xWe6kt
20,2021-01-27,"RT @arzu_twt: @jiminpark07 hey i did the edit for you too ğŸ¥ºğŸ’š please notice, youâ€™re the loml  https://t.co/FxJvQIH156"
21,2021-01-27,RT @wonuies: @jiminpark07 heyy bubs i already told u but i thought id let u know again hhh ur name will fly on nasa's next mission to marsâ€¦
22,2021-01-27,If you canâ€™t stand a hate for yourself for hating others why hate? Thereâ€™s an whole video about me talking about haâ€¦ https://t.co/aKhVyfIXUR
23,2021-01-27,RT @taemizlik: @jiminpark07 look what i did for youğŸ¥ºğŸ¥ºhttps://t.co/7UzQS6nMfy
24,2021-01-27,[ì œì‘ë¹„ì§€ì›] ì˜¤ë§ˆì´ê±¸ì•„ë¦°xì´ì‚¬ë°°xì œì´ë¯¸ #ì•…í”Œ ì´ëŸ° ë§ê¹Œì§€ ë“¤ì–´ë´¤ë‹¤ê³ ? https://t.co/SZmn0KLXHZ
25,2021-01-27,If you make babyjâ€™s get worried cause I might see a hate comment about myself and have to make them use their preciâ€¦ https://t.co/gGtdfbTi0l
26,2021-01-19,"RT @Airbnb: ğŸ’„ get ready with @jiminpark07
ğŸ”— https://t.co/gj9GZKQK45

#ì œì´ë¯¸ ğŸ§¡ https://t.co/gklZaNM2p4"
27,2021-01-19,Yes weâ€™re doing makeup https://t.co/7XKNVWnijb
28,2021-01-04,JemorağŸ’‹ https://t.co/iYITO7AJdJ
29,2021-01-01,"RT @jamiestaffsays: 1. Happy New Years Eve 
#JAMIE #JAMIEPARK #ì œì´ë¯¸ https://t.co/h61jdOPnYH"
30,2021-01-01,2021/1/1
31,2020-12-28,â¤ï¸â¤ï¸ https://t.co/ErH6hkLTE3
32,2020-12-27,RT @kr_now: #í¬ë¦¬ìŠ¤ë§ˆìŠ¤ íŒŒí‹° in #ì§€ì˜¤ë”” #ì ì‹¬ì–´íƒ ë°©ì†¡ ë‚´ë‚´ ì° ì¹œêµ¬ì¼€ë¯¸ë¡œğŸ˜¹ ì„œë¡œë¥¼ í–¥í•´ ë§ì„ ì•„ë¼ì§€ ì•Šì•˜ë˜ #ì œì´ë¯¸ #ê°€í˜¸ ì§‘ì— ê°ˆ ë• ì‚¬ì´ì¢‹ê²Œ ê°”ë‹¤ê³  í•©ë‹ˆë‹¤ğŸ˜‰ ì•ìœ¼ë¡œë„ ë©‹ì§„ ìŒì•…ì‘ì—… ê¸°ëŒ€í• ê²Œìš”ğŸ‘ğŸ»ğŸ¹ ë…¹ìŒí•˜ë‹¤ ì‹¸ìš°ì§€ë§êµ¬.. #NOWì˜¨â€¦
33,2020-12-26,ğŸ¤ https://t.co/US5FZFoDXz
34,2020-12-24,@jamieloops_ Nooooo everyoneâ€™s just tall ğŸ¥¸
35,2020-12-24,"RT @jamiestaffsays: 8. ì˜¤ëŠ˜ë„ ì´ìœ @jiminpark07 ë³´ê³  í–‰ë³µí•œ í•˜ë£¨ ë˜ì„¸ìš”!
#JAMIE #JAMIEPARK #ì œì´ë¯¸ https://t.co/Cp4YNtXs6K"
36,2020-12-24,ğŸ™ğŸ»â¤ï¸ê³ ë§ˆì›Œìš”! Merry Christmas! https://t.co/ynm4O7HBLl
37,2020-12-24,"RT @7OC_official: [#í›ˆë…¸ë˜ë°©]

ì˜¤ëŠ˜ ë“¤ë ¤ë“œë¦´ ë…¸ë˜ëŠ” ì œê°€ ìš”ìƒˆ ì¦ê²¨ë“£ëŠ” #JAMIE ì„ ë°°ë‹˜ì˜ #5ê°€ì§€_Christmas ì…ë‹ˆë‹¤! ë„ˆë¬´ ì‹ ë‚˜ê³  ë“¤ìœ¼ë©´ ë“¤ì„ìˆ˜ë¡ í–‰ë³µí•´ì§€ë”ë¼êµ¬ìš”â˜ºï¸
ë¡œì¦ˆë“¤ Merry ChristmasğŸğŸ„ğŸ…

#ì„¸ë¸ì–´í´ë½â€¦"
38,2020-12-23,@jamiestaffsays ë„¤ğŸ¥¸ğŸ¥¸
39,2020-12-23,"RT @jamiestaffsays: 9. ë†€ë¬ì£ ?!
#JAMIE #JAMIEPARK #ì œì´ë¯¸ https://t.co/qw9lzTWqSI"
40,2020-12-22,https://t.co/tZfR2GOfAa live collab with peteğŸ¥¸
41,2020-12-22,"RT @jamiestaffsays: 10. ì§„ì§œ ì´ìœ  ì—†ì–´ìš”! ê·¸ëƒ¥ ì´ë»ì„œìš”!
#JAMIE #JAMIEPARK #ì œì´ë¯¸ https://t.co/tg82L6meND"
42,2020-12-22,Now THIS was something https://t.co/OmL9bf53r7
43,2020-12-22,â¤ï¸ğŸ¥°ğŸ’‹ğŸ¥¸ https://t.co/dhGfvun3xf
44,2020-12-19,@jamiestaffsays Why are we sorry
45,2020-12-19,"RT @KAVECON: D-DAY! 
&lt;JAMIE'S COZY Câ„NCERT&gt;
LIVE 2020.12.19 SAT 10PM KST

#Jamie 's concert will start in about an hour!
If you haven't gotâ€¦"
46,2020-12-15,â¤ï¸â¤ï¸ğŸ™ğŸ» https://t.co/p8y7yioWv2
47,2020-12-15,ğŸ¦‹ğŸ¦‹ whaaaaaaaaat thisss satttğŸ¦‹ğŸ¦‹ https://t.co/LRcfIwBZuf
48,2020-12-14,â¤ï¸â¤ï¸â¤ï¸ https://t.co/LhfucxKHFp
49,2020-12-13,ë‚´ ì¸ìƒì— ì•ˆë¬´ ì˜ìƒì´ë¼ëŠ”ê²Œ ì˜¬ë¼ì˜¤ë‹¤ë‹ˆ..... https://t.co/eGzjdB77lU
50,2020-12-13,19ì¼ì— ë³´ìê¶ğŸ¥º https://t.co/3LxXMoA5cu
51,2020-12-10,ğŸ¥° https://t.co/1Yk9CC3cXk
52,2020-12-10,Concert???????ğŸ¤­ YES CONCERTTT https://t.co/ljgazV4Rjs
53,2020-12-09,ğŸ§ https://t.co/bDelWyH5ga
54,2020-12-09,ğŸ’‹ğŸ’‹ğŸ’‹ https://t.co/2Fx3jzdS0s
55,2020-12-09,https://t.co/qQJjUtc8Wd WHATS URS BABYJğŸ¤“
56,2020-12-08,What am I looking at tho. https://t.co/km8rbngb4h
57,2020-12-08,SEE U TMMRâ¤ï¸ https://t.co/cUvxmsQSJX
58,2020-12-07,ğŸ¤­ğŸ¤­â¤ï¸ https://t.co/TDouqQgGZa
59,2020-12-06,https://t.co/VRaJxcCfSy HURRYYYğŸ™ğŸ»â¤ï¸
60,2020-12-04,â„ï¸â„ï¸â„ï¸
61,2020-12-03,Oh wow @justinohmusic OUR SONG IS THEREğŸ™ğŸ»ğŸ¥º!!! https://t.co/4mablZXjWg
62,2020-12-02,@crystalbell â¤ï¸â¤ï¸
63,2020-12-02,@KianaLede I love your story and your voice ğŸ™ğŸ»ğŸ™ğŸ»ğŸ™ğŸ»â¤ï¸â¤ï¸
64,2020-12-02,ğŸ™ğŸ»ğŸ¥º https://t.co/za5iozExz7
65,2020-12-02,But Iâ€™m going to dance if YOU DANCE WITH ME
66,2020-12-02,But at the same time it doesnâ€™t mean I can dance ğŸ˜—
67,2020-12-02,"Iâ€™d love to see ur moves, cause Iâ€™m ready to show mine. https://t.co/Rtip7Q7chA"
68,2020-12-02,2020 MASHUPğŸ–¤ Jamie ver. https://t.co/QhpoIQrFzE
69,2020-11-30,2020.12.19 https://t.co/WWzJXazjwm
70,2020-11-26,https://t.co/WJ8602xYj3 making filmğŸ™ğŸ»
71,2020-11-23,https://t.co/XVi3ZQrH7w @ArianaGrande  I love youğŸ¤ğŸ¤§
72,2020-11-18,https://t.co/Z0RBoeAcZV BAND VERSIONâ¤ï¸
73,2020-11-16,https://t.co/xlQgAwJJku I wish
74,2020-11-16,ğŸ¤§ğŸ¥º https://t.co/JR8nePqTdK
75,2020-11-13,ğŸ™ğŸ»ğŸ˜Œ https://t.co/BCWysCKimL
76,2020-11-12,ê³ ë§ˆì›Œ
77,2020-11-11,"RT @gems_genie: [ìŒì•…ì˜ ìƒ‰ì„ í”Œë ˆì´í•˜ë‹¤ #PLAYCOLORğŸ¨ ]

í”Œë ˆì´ì»¬ëŸ¬ ë„¤ë²ˆì§¸ ì£¼ìâ— ì œì´ë¯¸ê°€ í¼ì¹˜ëŠ” í™˜ìƒì ì¸ ìºì‹œë¯¸ì–´ë¸”ë£¨ ë¹› ìŒì•…ğŸ’™ 11ì›” 13ì¼ ë°¤ 5ì‹œ ì§€ë‹ˆ ìœ íŠœë¸Œì—ì„œ ë§Œë‚˜ìš”  #JAMIE #Apollo11 @jiminparâ€¦"
78,2020-11-11,ğŸ¥ºğŸ¥ºğŸ¥º https://t.co/LoGqDQvxa7
79,2020-11-10,https://t.co/QnltnDxE0J Apollo11 ğŸ›¸ğŸ¤ teaserğŸš€
80,2020-11-09,With JayğŸ›¸parkğŸ¤ https://t.co/pLl0L7CReA
81,2020-11-07,"RT @jamiestaffsays: JAMIE - APOLLO 11
2020.11.11
18:00 KST
#JAMIE #JAMIEPARK #ì œì´ë¯¸ #APOLLO11 #1111 https://t.co/SDAhVFB9l2"
82,2020-11-07,#apollo11 ğŸ›¸ğŸ–¤ https://t.co/dGn3dUh6zz
83,2020-11-05,ğŸ¤ğŸ›¸ğŸ¤ https://t.co/2ov5Ae9xNs
84,2020-11-04,#apollo11 #jamiecomeback1111 https://t.co/kG1TrhKc9H
85,2020-11-04,ğŸš€ğŸ›¸ğŸš€ https://t.co/wktwkojAa7
86,2020-10-28,@kevinwoo91 https://t.co/Dl99eAlLLk
87,2020-10-28,ğŸ‘ŒğŸ»ğŸ‘¤ğŸ™‹ğŸ»â€â™€ï¸ğŸ’ªğŸ»
88,2020-10-27,ğŸ›¸ğŸ›¸ğŸ›¸
89,2020-10-08,@kevinwoo91 Oppar? https://t.co/bry212m8wG
90,2020-10-06,10000000 points https://t.co/nQtL9otg9d
91,2020-10-06,...ğŸŒº https://t.co/OnSaxI2z10
92,2020-10-02,11:11
93,2020-10-02,"RT @MDRomeda_KPOP: #ì œì´ë¯¸ ê°€ ì»¤ë²„í•œ #ë ˆë“œë²¨ë²³ #ëª¬ìŠ¤í„° 
ì§„ì§œ ì›…ì¥í•˜ê³  ì¹˜ëª…ì ì´ê³  í•˜ì•„,,, ë‹¤í•´ë¼ 

#jamie covered #redvelvet #monster 
ğŸ”½ğŸ”½ğŸ”½ğŸ”½ğŸ”½
https://t.co/KW8vCL7nyT

@jimâ€¦"
94,2020-10-02,"RT @MDRomeda_KPOP: #ì œì´ë¯¸ ì‹ ê³¡ ""Numbers"" ë¼ì´ë¸Œ!
ë¸Œë¼ìŠ¤ ë°´ë“œë‘ í•˜ë‹ˆê¹Œ ì§„ì§œ ë„ë¼ë”°.....

#jamie 's new song #numbers #live
fantastic live performance!!!!
ğŸ”½ğŸ”½ğŸ”½ğŸ”½ğŸ”½
hâ€¦"
95,2020-10-02,https://t.co/DEjm05Tfw4 NUMBERSğŸ’“
96,2020-10-02,https://t.co/ZfQwcalD5c MONSTERğŸ’œğŸ–¤
97,2020-10-02,@MDRomeda_KPOP Jamie ì—ìš” jamie!!!!
98,2020-10-01,"RT @MDRomeda_KPOP: #ì œì´ë¯¸ ì˜ ì„±ëŸ‰ í­ë°œ ë¼ì´ë¸Œ!!!
#ë ˆë“œë²¨ë²³ #ì•„ì´ë¦°, #ìŠ¬ê¸° ì˜ ""monster""ì»¤ë²„ê¹Œì§€!!!!
@jiminpark07 

#JAIME sang her new song ""numbers""
and covered #mâ€¦"
99,2020-09-28,"Everything I do, I do it with a passion.     If I gotta be a bad bitch Imma be a bad one."
100,2020-09-24,ì‚¬ë‘í•´ í˜„ìŠ¹í¬ https://t.co/1VckQoRn00
101,2020-09-24,@KOR_McDonalds ì•„ì§„ì§œ ë„ˆë¬´ ê·€ì—¬ìš´ê±° ì•„ë‹ˆì•¼....?;;;
102,2020-09-22,@JE0NSKRRT Then Iâ€™m sure u will like my next one tooğŸ’œ
103,2020-09-22,@jamie_i_loveyou ë‚´ê°€ ë” ì‚¬ë‘í•˜ëŠ”ë° í”„ì‚¬ ë¬´ìŠ¨ì¼ì´ì•¼! ì•„ê°€!
104,2020-09-22,@babyJ_amie You canâ€™t say that cause it can never be more than mine
105,2020-09-22,ë¼ë·°ë¼ë·°ğŸ¤
106,2020-09-21,"RT @40GlobalShow: âœŒKPOPâœŒ

Usa el HT #40GlobalShow261 para pedir a tus artistas de la semana que viene. 

@TonyAguilarOfi hoy nos presenta aâ€¦"
107,2020-09-17,"@leehi_hi How to get away with murder , umbrella academy, revenge"
108,2020-09-17,@Jae_Day6 Whereâ€™s mine Jae
109,2020-09-16,@jamiestaffsays 2020ë…„ ê¸°ì¤€ ë¸Œë£¨í´ë¦° ë²„ê±° ì…ë‹ˆë‹¤
110,2020-09-16,https://t.co/2Bjg1R8Sns BEHINDğŸ’—
111,2020-09-11,Heyy wyd
112,2020-09-09,https://t.co/NpEb5TUVTV ğŸ’—HELLOOKNOCKKâœŠğŸ»
113,2020-09-08,ë‹´ì— ë˜ ë¶ˆëŸ¬ì£¼ì„¸ìš” ì•„ëŒë¼! @idolradiokorea
114,2020-09-08,ğŸ˜ğŸ˜ğŸ˜ https://t.co/v9L2gTeIoV
115,2020-09-04,https://t.co/wTSRzOnE1a DINGOğŸ’š https://t.co/r0yADS1lUO
116,2020-09-04,Later ! With DingoğŸ¤­ https://t.co/FfRvwflLMn
117,2020-09-04,https://t.co/A2KcFKpQFg ë¼ë¹„ì˜¤ë¹ ë‘ğŸ™ğŸ»ğŸ–¤
118,2020-09-03,NiceğŸ™ğŸ» https://t.co/7bbAecA1CE
119,2020-09-03,https://t.co/1KDH6WYvxo ğŸ’œğŸ’œğŸ’œMVğŸ’œğŸ’œğŸ’œ
120,2020-09-03,Out now! #numbers https://t.co/qVESd17FOw
121,2020-09-03,ì˜¤ëŠ˜ â¤ï¸NUMBERSâ¤ï¸ @sbscultwoshow  ì—ì„œ ë°œë§¤ì „ì— ë¶ˆëŸ¬ìš”! ì´ë”°ê°€ ë´ìš”ğŸ¥° https://t.co/7lewTMoDzq ì—¬ê¸°ì„œ ìŠ¤ì¼€ì¤„ ì˜¬ë¦´ ì˜ˆì •ğŸ’š
122,2020-09-03,https://t.co/7lewTMoDzq ğŸ’ Schedules will be uploaded hereğŸ’
123,2020-09-03,Oh and do you guys know Iâ€™m going to sing â¤ï¸NUMBERSâ¤ï¸ before it releases today on â€œì»¬íˆ¬ì‡¼â€ @sbscultwoshow ğŸ¥°
124,2020-09-03,https://t.co/h6eHzlPlpu it hits me different every time I get to sing this song to you. You are beautiful today donâ€™t forget to smile :)
125,2020-09-02,"RT @allkpop: Jamie (Park Ji Min) drops a party MV teaser for her upcoming single 'Numbers (feat. Changmo)'
https://t.co/YHTfI2lu4G https://â€¦"
126,2020-09-02,RT @soompi: WATCH: #Jamie Gets The Party Started In MV Teaser For â€œNumbersâ€ Featuring Changmo https://t.co/ncatCevfje https://t.co/pxKbFwYWâ€¦
127,2020-09-01,ğŸ¤ªğŸ¥º https://t.co/S1eHY1L2U1
128,2020-09-01,Excuuuuuse me ? Numbers is commin out wen? https://t.co/NvJAcvtOXs
129,2020-08-31,@jamiestaffsays ë˜‘ê°™ì£ ? ë¹¼ì˜¤ì•µì˜¤ ë¹¼ì˜¤ë¹¼ì˜¤ì•µì˜¤~
130,2020-08-31,https://t.co/f13jJz94VF NUMBERS teasing u with 16seconds
131,2020-08-31,https://t.co/o9MftQjxdm ğŸ’JAMIEYOUTUBEâ¤ï¸
132,2020-08-30,"RT @jamiestaffsays: Jamie â€“ Numbers feat. Changmo
2020.09.03
18:00 KST
#JAMIE #JAMIEPARK #ì œì´ë¯¸ #NUMBERS #ë„˜ë²„ìŠ¤ https://t.co/Fp95AysNsi"
133,2020-08-30,â¤ï¸â¤ï¸â¤ï¸â¤ï¸ https://t.co/LdQnp37w1C
134,2020-08-27,"RT @jamiestaffsays: Jamie â€“ Numbers
2020.09.03
18:00 KST
#JAMIE #JAMIEPARK #ì œì´ë¯¸ #NUMBERS #ë„˜ë²„ìŠ¤ https://t.co/DLnLIaeGQy"
135,2020-08-26,â—ï¸#numbers https://t.co/jPORsQJTG3
136,2020-08-25,ğŸ’ #numbers https://t.co/bqgElQ5SqU
137,2020-08-25,@jamiestaffsays ì˜¤ë¹  ë§›ìˆê²Œ ë“œì…¨ìë‚˜ìš”...ğŸ¥º
138,2020-08-24,ğŸ¥°ğŸ¥° https://t.co/IyqFXdl82y
139,2020-08-24,ğŸ‘ğŸ»ğŸ’— https://t.co/Ek8aq4YKMi
140,2020-08-23,@jamiestaffsays I saw that
141,2020-08-23,NUMBERS @jamiestaffsays ğŸ’— https://t.co/XFNmwJ4iJ8
142,2020-08-19,So whatâ€™s ur guess
143,2020-08-19,ğŸ¤” https://t.co/e5OKkYBQCI
144,2020-08-19,https://t.co/SytVzkZX5Y ğŸ’™ğŸ¥º
145,2020-08-01,This song is always BOP https://t.co/jRVqkJyVc2
146,2020-07-31,@jamiebabyj â¤ï¸ https://t.co/YsDW7d0Sgr
147,2020-07-31,@wonuies ğŸ¥º https://t.co/eE4alLzyLs
148,2020-07-31,ğŸ’ŸğŸ’ŸğŸ’Ÿ https://t.co/5REGcgviRL
149,2020-07-31,@jamie_babyJ @dingo_official ì˜¤íƒ€ ë‚œë“¯..;
150,2020-07-31,ğŸ¥ºğŸ¥ºğŸ¥ºğŸ¥ºğŸ¥ºğŸ¥ºğŸ¥ºğŸ¥º https://t.co/Rl7okgoruj
151,2020-07-27,Had so much fun ğŸ™ğŸ»ğŸ”¥ https://t.co/UX4TFh7bxE
152,2020-07-25,My Last ep with ì˜¬ë•Œë°ğŸ˜­ https://t.co/QbApdcPwqT
153,2020-07-23,Hmmmmmm https://t.co/r4lzePvSPy
154,2020-07-17,@Jae_Day6 Are you talking about one of the Kpopstar days ? I mean me too
155,2020-07-14,@day6vz @lovejamiepark ì—êµ¬...
156,2020-07-11,Hi https://t.co/tMShRjVwIU
157,2020-07-08,@mingkki21 í—¹í—¹! ì–¸ë‹ˆì´ğŸ¥ºâ¤ï¸
158,2020-07-08,Busy? https://t.co/eoB9XR3Noa
159,2020-07-07,https://t.co/OtZnkXVdHo REAL FRIENDS COVER W/soovi
160,2020-07-07,https://t.co/hag6NfiwRm If u want to watch me for 15min straight ğŸ¤ª
161,2020-07-06,I meann CAMPFIRE? https://t.co/6IlEI1RnE0
162,2020-07-05,"RT @idolradiokorea: 7/6 ~ 7/12 #ì•„ì´ëŒë¼ë””ì˜¤ ì¶œì—°ì§„

6(ì›”) AB6IX
7(í™”) ìœ„í´ë¦¬
8(ìˆ˜) ì¨ë“œì•„ì´
9(ëª©) SF9 
10(ê¸ˆ) ì†”ì§€,ì¹˜íƒ€,ì œì´ë¯¸
11(í† ) GOT7 ì˜ì¬, DAY6 ì˜ì¼€ì´
12(ì¼) ì†”ì§€,ì œì´ë¯¸ htâ€¦"
163,2020-07-05,ğŸ–¤LOVE YOUğŸ–¤ https://t.co/ZF9DYxZvr0
164,2020-07-05,@kevinwoo91 ğŸ¥ºğŸ™ğŸ»ğŸ˜­
165,2020-07-04,ğŸ˜­ğŸ¥ºâ¤ï¸â¤ï¸ğŸ’™ğŸ’™ https://t.co/bWzMz112Ja
166,2020-07-03,Wow seeing babyJâ€™s profile pic as me is literally so cute ... I feel blessed ğŸ¥° Thankyou
167,2020-07-03,Did u like diss https://t.co/mi2m1Tjuhd
168,2020-07-02,"RT @mnet_hiphop: [8íšŒ] #ì œì´ë¯¸ X #ì¹˜íƒ€ - Moonlight @ìŠˆí¼ í€˜ìŠ¤íŠ¸ 1R 

GOOD GIRL vs Mnet
â€²ì„¼â€² ì—¬ì ë®¤ì§€ì…˜ë“¤ì´ ë­‰ì³ í¼ì¹˜ëŠ” í™í•© ë¦¬ì–¼ë¦¬í‹° ë®¤ì§ì‡¼

ï¼œGOOD GIRL : ëˆ„ê°€ ë°©ì†¡êµ­ì„ í„¸ì—ˆë‚˜ï¼
ê·¸ë™ì•ˆâ€¦"
169,2020-07-02,https://t.co/3m1YI65EFO NEW EPISODE!!! ì˜¬ë•Œë° W/ hilite records
170,2020-07-01,@leehi_hi Do you miss meğŸ¥º
171,2020-07-01,https://t.co/8zWMUDM8V3 haiR FLEX
172,2020-06-26,"No one :
Literally no one :                                                       Baby Jâ€™s : EAT ME"
173,2020-06-26,ë°°ê³ íŒŒ ë­ ë¨¹ì§€
174,2020-06-25,ìš°ë¦¬ë‘ ê°™ì´ ë†€ë˜? https://t.co/Q7P8VZwEeS
175,2020-06-23,https://t.co/iccJMP4ITw You are lateeğŸ”¥ğŸ”¥
176,2020-06-22,JUNE 23rd â€œ FOR A MINUTEâ€
177,2020-06-20,ì•„ë‹ˆ ì´ê²Œ ë­ì•¼ ã…‹ã…‹ã…‹ã…‹ã…‹ã…‹ã…‹ã…‹ã…‹ https://t.co/aQFfWqEsWw
178,2020-06-18,https://t.co/5a8yzyDfSE ğŸ‘…ğŸ‘…ğŸ‘…ğŸ‘…ğŸ‘…ğŸ‘…ğŸ‘…ğŸ‘…ğŸ‘…
179,2020-06-18,êµ¿ê±¸ 11ì‹œì¸ê±° ì•Œì§€~?
180,2020-06-17,@artchixkilogram This is so.. cute....
181,2020-06-16,ğŸ˜ https://t.co/ELHputFyT1
182,2020-06-15,"RT @artchixkilogram: If I can keep this mood I'll make a whole chibi arts for Jamie gg's outfit ğŸ˜‚
Not promise tho ğŸ˜‚ğŸ˜‚
Lesee ğŸ˜‚ğŸ˜‚
#Artchillustrâ€¦"
183,2020-06-13,I love sweet ğŸŒ½
184,2020-06-12,"Feelin cute, might delete later https://t.co/vWXUGXEEy4"
185,2020-06-08,ë ˆGë‚˜ ì£ ì§€ ê°™ë‹¤ëŠ”ë§ ë§ì´ ë“¤ì€ ë‚  https://t.co/XAjfj6hGwA
186,2020-06-04,https://t.co/w0mdCaTHGJ â¤ï¸NEW SONG TMMRâ¤ï¸
187,2020-06-04,ColorsğŸ¥° https://t.co/uNFAgS4vgy
188,2020-06-03,"ê¸°ë¶€ì™€ ì£¼ë³€ì¸ë“¤ì—ê²Œ ì•Œë ¤ì£¼ëŠ” ê²ƒ, ê·¸ ì–´ë–¤ ë°©ë²•ì´ë“  ì—¬ëŸ¬ë¶„ì˜ ëª©ì†Œë¦¬ë¡œ, ì—¬ëŸ¬ë¶„ì˜ í–‰ë™ìœ¼ë¡œ ë³´ì—¬ì£¼ì…¨ìœ¼ë©´ ì¢‹ê² ìŠµë‹ˆë‹¤. 
https://t.co/h1Jg96ENml
https://t.co/Lh4kRCf7qz #BlackLivesMattter"
189,2020-06-03,"Black Lives Matter ìš´ë™ì€ ì „ ì„¸ê³„ ëª¨ë“  ì‚¬ëŒë“¤ì˜ ë„ì›€ì´ í•„ìš”í•©ë‹ˆë‹¤. ì œ íŒ¬ë¶„ë“¤ê³¼ ë™ë£Œ ìŒì•… ì‚°ì—… ì¹œêµ¬ë“¤, ë™ë£Œë“¤, ê·¸ë¦¬ê³  ëŒ€í•œë¯¼êµ­ì¸ìœ¼ë¡œì¨ ì™œ ì´ ìš´ë™ì´ ì¤‘ìš”í•˜ê³  í•„ìš”í•œì§€ ê·¸ë¦¬ê³  ê¹Šì´ ì´í•´í• â€¦ https://t.co/uat6tbN3ox"
190,2020-06-03,"Black Lives MatterëŠ” ë‹¨ì§€ ì¡°ì§€ í”Œë£¨ì´ë“œë¥¼ ì”ì¸í•˜ê²Œ ì‚´í•´í•œ ê²ƒì— ê·¸ì¹˜ëŠ” ê²ƒì´ ì•„ë‹Œ,ë¯¸êµ­ ì •ë¶€ê°€ ëŠì„ì—†ì´ ë¬´ì‹œí•˜ê³  ë‹¨ì§€ í”¼ë¶€ìƒ‰ ë•Œë¬¸ì— ì¸ê°„ì— ëŒ€í•œ ì¡°ì§ì ì¸ í•™ëŒ€ë¥¼ ì ê·¹ì ìœ¼ë¡œ í—ˆìš©í•˜ëŠ” ê²ƒì— ê´€í•œâ€¦ https://t.co/GOI9PZbfnO"
191,2020-06-03,"ëˆ„ë¦´ ìˆ˜ ìˆì—ˆë˜ ì¦ê±°ì›€ê³¼ ë‹¤ì–‘í•œ ê²½í—˜ì„ í† ëŒ€ë¡œ ìŒì•…ì¸ì˜ ê¸¸ì„ ê±·ê²Œ ë˜ì‹  ë¶„ë“¤ë„ ë§ìŠµë‹ˆë‹¤. ë‹¨ì§€ í”¼í•˜ê±°ë‚˜ ì¹¨ë¬µì„ í†µí•´ ì§€ë‚˜ì³ì„œëŠ” ì•ˆë©ë‹ˆë‹¤. ì´ ê²ƒì€ ì¸ê°„ìœ¼ë¡œì¨ì˜ ê¶Œë¦¬ë¥¼ ì§€ì§€í•˜ëŠ” ê²ƒì´ë©°, ì „ì„¸ê³„ì ìœ¼ë¡œ ìŒì•… ì‚°ì—…â€¦ https://t.co/mTwh0YRV3s"
192,2020-06-03,â€˜Black Lives Matter(í‘ì¸ì˜ ëª©ìˆ¨ë„ ì†Œì¤‘í•˜ë‹¤)â€™ ìš´ë™ì´ ì–¼ë§ˆë‚˜ ì¤‘ìš”í•œì§€ ê·¸ë¦¬ê³  ì™œ ê´€ì‹¬ì„ ê°–ê³  ë™ì°¸ì„ í•´ì•¼í•˜ëŠ”ì§€ì— ëŒ€í•´ ë„ì›€ì„ ë“œë¦¬ê³  ì‹¶ì—ˆìŠµë‹ˆë‹¤. í•œêµ­ì˜ ë‹¤ì–‘í•œ ì‚°ì—…ì€  í‘ì¸ ìŒì•… ë¿ ë§Œ ì•„ë‹ˆâ€¦ https://t.co/Vl6rgngB4b
193,2020-06-03,"ì €ëŠ” K-Pop ìŒì•…ì‚°ì—…ì— ê´€ê³„ì ë¶„ë“¤ì´ ì´ ì¼ì— ëŒ€í•´ ì „í˜€ ë§ˆìŒì„ ì“°ì§€ ì•Šê³  ìˆë‹¤ê³ ëŠ” ìƒê°í•˜ì§€ ì•ŠìŠµë‹ˆë‹¤.
ì˜¨ ì‹ ê²½ì„ ìŸê¸°ì—” ì¶©ë¶„íˆ ê³µê°í•  ìˆ˜ ìˆì„ ë§Œí¼ ì˜ ì•Œê³  ìˆì§€ ì•Šì„ ë¿ì´ë¼ê³  ìƒê°í•©ë‹ˆë‹¤.ê·¸ë˜ì„œ ì €ëŠ”â€¦ https://t.co/jkdn4j3yYn"
194,2020-06-03,"ì•ˆë…•í•˜ì„¸ìš” ì—¬ëŸ¬ë¶„, 
ì§€ë‚œ ë©°ì¹  ë™ì•ˆ ì €ëŠ” ë¯¸êµ­ì—ì„œ ì¼ì–´ë‚˜ê³  ìˆëŠ” ì¼ë“¤ë¡œ
ë§ì€ ìƒê°ì„ í•˜ê²Œ ë˜ì—ˆìŠµë‹ˆë‹¤. ì €ëŠ” ì‚¬ëŒë“¤ì´ ì´ ì¼ì— ëŒ€í•´ ë°˜ë“œì‹œ ëª¨ë‘ê°€ ì•Œì•„ì•¼ í•˜ëŠ” ì¼ì´ë¼ê³  ìƒê°í•˜ê¸°ì—, ë”ë”ìš± ê¸€ì„ ì˜¬ë¦¬ê¸° ì „ì—â€¦ https://t.co/kkM2CjT5dd"
195,2020-06-01,"RT @mnet_hiphop: [4íšŒ/ì˜ˆê³ ] #ë”ì½°ì´ì—‡ì˜ í”„ë¡œë“€ì‹±! êµ¿ê±¸ì˜ ì²« ë²ˆì§¸ í€˜ìŠ¤íŠ¸ ê²°ê³¼ëŠ”?! I ëª©ìš”ì¼ ë°¤ 9ì‹œ 30ë¶„

GOOD GIRL vs Mnet
'ì„¼' ì—¬ì ë®¤ì§€ì…˜ë“¤ì´ ë­‰ì³ í¼ì¹˜ëŠ” í™í•© ë¦¬ì–¼ë¦¬í‹° ë®¤ì§ì‡¼

ï¼œ#GOODGIRL : #ëˆ„â€¦"
196,2020-05-29,ğŸ’œ anyways love you all ğŸ’œ https://t.co/ptoapB36AT
197,2020-05-29,* in Thailand I miss Thailand.. so much..
198,2020-05-29,Wow itâ€™s happening again. I want Thai food .. sooo... bad... wow...
199,2020-05-29,I go with ENFPğŸ¤ŸğŸ» https://t.co/L37y9tnUrz
